{
  "train_loss": [
    2.834166766771304,
    2.836324267917209,
    2.8328597514457954,
    2.831468708374921,
    2.8158483894821864,
    2.813394298740462,
    2.817105703104555,
    2.808137278151668,
    2.8030889673170702,
    2.7876492279027802,
    2.7999203205108643,
    2.800857606276967,
    2.796996289608525,
    2.8084356878318038,
    2.805006730011086,
    2.80392476000817,
    2.7806834348666123,
    2.7933958106570773,
    2.7870023032419042,
    2.799141561283785
  ],
  "train_acc": [
    0.05228758169934641,
    0.0915032679738562,
    0.06535947712418301,
    0.06535947712418301,
    0.13071895424836602,
    0.10457516339869281,
    0.09803921568627451,
    0.0915032679738562,
    0.13071895424836602,
    0.17647058823529413,
    0.10457516339869281,
    0.06535947712418301,
    0.09803921568627451,
    0.09803921568627451,
    0.0784313725490196,
    0.1437908496732026,
    0.13071895424836602,
    0.0784313725490196,
    0.1568627450980392,
    0.1111111111111111
  ],
  "val_loss": [
    2.830886401382147,
    2.830036911309934,
    2.8291558892119166,
    2.8161901165457333,
    2.8035568115757963,
    2.7918843475042605,
    2.780685962415209,
    2.776593998366711,
    2.776162970299814,
    2.77017253520442,
    2.7729789976980173,
    2.772094174927356,
    2.7709732756895176,
    2.7744446408514882,
    2.7744075597501268,
    2.7741754662756826,
    2.7721764480366424,
    2.770540948007621,
    2.7613864038504805,
    2.75831181862775
  ],
  "val_acc": [
    0.058823529411764705,
    0.11764705882352941,
    0.058823529411764705,
    0.11764705882352941,
    0.11764705882352941,
    0.11764705882352941,
    0.11764705882352941,
    0.11764705882352941,
    0.11764705882352941,
    0.11764705882352941,
    0.11764705882352941,
    0.11764705882352941,
    0.11764705882352941,
    0.11764705882352941,
    0.11764705882352941,
    0.11764705882352941,
    0.11764705882352941,
    0.11764705882352941,
    0.11764705882352941,
    0.11764705882352941
  ],
  "lr": [
    0.0001,
    0.0001,
    0.0001,
    0.0001,
    0.0001,
    0.0001,
    0.0001,
    5e-05,
    5e-05,
    5e-05,
    1e-05,
    1e-05,
    1e-05,
    5e-06,
    5e-06,
    5e-06,
    5e-06,
    5e-06,
    5e-06,
    2.5e-06
  ]
}