{
  "model_version": "V2",
  "training_history": {
    "train_loss": [
      2.929511084276087,
      2.854272071053,
      2.7649379477781406,
      2.6653794120339787,
      2.7344194674024394,
      2.6398474936391794,
      2.7008423664990593,
      2.771155128292009,
      2.7009418244455374,
      2.6662782454023173,
      2.622460033379349,
      2.6332045723410213,
      2.6721806292440378,
      2.6813508061801685,
      2.670283130570954,
      2.6242826966678394,
      2.698980784883686,
      2.679345000023935,
      2.6456985193140365,
      2.62080202850641
    ],
    "train_acc": [
      0.0392156862745098,
      0.0457516339869281,
      0.1111111111111111,
      0.11764705882352941,
      0.1503267973856209,
      0.09803921568627451,
      0.11764705882352941,
      0.058823529411764705,
      0.09803921568627451,
      0.0718954248366013,
      0.1111111111111111,
      0.13071895424836602,
      0.0718954248366013,
      0.1111111111111111,
      0.12418300653594772,
      0.12418300653594772,
      0.0915032679738562,
      0.058823529411764705,
      0.10457516339869281,
      0.12418300653594772
    ],
    "train_f1": [
      0.036451037893163125,
      0.0361913529432711,
      0.09765918934716888,
      0.11319397462889183,
      0.12708646358801157,
      0.08611462506149413,
      0.103238410682212,
      0.049126559714795,
      0.09145609056094989,
      0.068032179277854,
      0.09509484495552607,
      0.11514619175518828,
      0.05838609245258861,
      0.1002441349500173,
      0.11149810801513589,
      0.11463648638749395,
      0.08761138391976997,
      0.04925175936819496,
      0.09343412005950706,
      0.12897651883719996
    ],
    "val_loss": [
      2.8244426250457764,
      2.726903003804824,
      2.5698342463549446,
      2.542428353253533,
      2.5550783101250145,
      2.5408317622016456,
      2.542512332691866,
      2.5416029200834385,
      2.523208926705753,
      2.525163636488073,
      2.5304947600645176,
      2.530543327331543,
      2.53071385271409,
      2.5311897782718433,
      2.523023675469791,
      2.529396926655489,
      2.528094109366922,
      2.5307354506324318,
      2.534574929405661,
      2.530496457043816
    ],
    "val_acc": [
      0.11764705882352941,
      0.11764705882352941,
      0.11764705882352941,
      0.11764705882352941,
      0.11764705882352941,
      0.11764705882352941,
      0.11764705882352941,
      0.11764705882352941,
      0.11764705882352941,
      0.11764705882352941,
      0.11764705882352941,
      0.11764705882352941,
      0.11764705882352941,
      0.11764705882352941,
      0.11764705882352941,
      0.11764705882352941,
      0.11764705882352941,
      0.11764705882352941,
      0.11764705882352941,
      0.11764705882352941
    ],
    "val_f1": [
      0.03725490196078431,
      0.03725490196078431,
      0.03725490196078431,
      0.03725490196078431,
      0.03725490196078431,
      0.03725490196078431,
      0.03725490196078431,
      0.03725490196078431,
      0.03725490196078431,
      0.03725490196078431,
      0.03725490196078431,
      0.03725490196078431,
      0.03725490196078431,
      0.03725490196078431,
      0.03725490196078431,
      0.03725490196078431,
      0.03725490196078431,
      0.03725490196078431,
      0.03725490196078431,
      0.03725490196078431
    ],
    "lr": [
      9.939057285945933e-05,
      9.757729755661012e-05,
      9.460482294732422e-05,
      9.054634122155992e-05,
      8.550178566873411e-05,
      7.959536998847744e-05,
      9.241614839766424e-06,
      8.419865458735485e-06,
      7.554986053898e-06,
      6.668272826571249e-06,
      5.7815595992445e-06,
      4.916680194407014e-06,
      4.094930813376074e-06,
      3.3365456531424985e-06,
      2.6601986732872802e-06,
      2.0825437811213903e-06,
      1.6178047572166257e-06,
      1.277425018721914e-06,
      1.0697858444545816e-06,
      1e-06
    ],
    "epoch_times": [
      11.653908967971802,
      11.01588487625122,
      11.226686239242554,
      10.881981372833252,
      10.868921279907227,
      10.891080379486084,
      22.676618337631226,
      22.423944234848022,
      22.487831592559814,
      22.386789321899414,
      22.41706132888794,
      22.36539649963379,
      22.345211029052734,
      22.427246570587158,
      22.3678138256073,
      22.776098012924194,
      23.816537380218506,
      22.638777256011963,
      22.481812953948975,
      22.252567768096924
    ]
  },
  "best_validation_accuracy": 0.11764705882352941,
  "best_validation_f1": 0.03725490196078431,
  "test_accuracy": 0.11764705882352941,
  "test_f1_score": 0.03725490196078431,
  "classification_report": {
    "Corn___Cercospora_leaf_spot_Gray_leaf_spot": {
      "precision": 0.0,
      "recall": 0.0,
      "f1-score": 0.0,
      "support": 3.0
    },
    "Corn___Common_rust": {
      "precision": 0.0,
      "recall": 0.0,
      "f1-score": 0.0,
      "support": 3.0
    },
    "Corn___healthy": {
      "precision": 0.0,
      "recall": 0.0,
      "f1-score": 0.0,
      "support": 3.0
    },
    "Corn___Northern_Leaf_Blight": {
      "precision": 0.0,
      "recall": 0.0,
      "f1-score": 0.0,
      "support": 3.0
    },
    "Potato___Early_Blight": {
      "precision": 0.0,
      "recall": 0.0,
      "f1-score": 0.0,
      "support": 3.0
    },
    "Potato___healthy": {
      "precision": 0.0,
      "recall": 0.0,
      "f1-score": 0.0,
      "support": 3.0
    },
    "Potato___Late_Blight": {
      "precision": 0.0,
      "recall": 0.0,
      "f1-score": 0.0,
      "support": 3.0
    },
    "Tomato___Bacterial_spot": {
      "precision": 0.0,
      "recall": 0.0,
      "f1-score": 0.0,
      "support": 3.0
    },
    "Tomato___Early_blight": {
      "precision": 0.0,
      "recall": 0.0,
      "f1-score": 0.0,
      "support": 3.0
    },
    "Tomato___healthy": {
      "precision": 0.3333333333333333,
      "recall": 1.0,
      "f1-score": 0.5,
      "support": 3.0
    },
    "Tomato___Late_blight": {
      "precision": 0.0,
      "recall": 0.0,
      "f1-score": 0.0,
      "support": 3.0
    },
    "Tomato___Leaf_Mold": {
      "precision": 0.0,
      "recall": 0.0,
      "f1-score": 0.0,
      "support": 3.0
    },
    "Tomato___Septoria_leaf_spot": {
      "precision": 0.0,
      "recall": 0.0,
      "f1-score": 0.0,
      "support": 3.0
    },
    "Tomato___Spider_mites_Two_spotted_spider_mite": {
      "precision": 0.0,
      "recall": 0.0,
      "f1-score": 0.0,
      "support": 3.0
    },
    "Tomato___Target_Spot": {
      "precision": 0.0,
      "recall": 0.0,
      "f1-score": 0.0,
      "support": 3.0
    },
    "Tomato___Tomato_mosaic_virus": {
      "precision": 0.07142857142857142,
      "recall": 1.0,
      "f1-score": 0.13333333333333333,
      "support": 3.0
    },
    "Tomato___Tomato_Yellow_Leaf_Curl_Virus": {
      "precision": 0.0,
      "recall": 0.0,
      "f1-score": 0.0,
      "support": 3.0
    },
    "accuracy": 0.11764705882352941,
    "macro avg": {
      "precision": 0.023809523809523808,
      "recall": 0.11764705882352941,
      "f1-score": 0.03725490196078431,
      "support": 51.0
    },
    "weighted avg": {
      "precision": 0.023809523809523808,
      "recall": 0.11764705882352941,
      "f1-score": 0.03725490196078431,
      "support": 51.0
    }
  },
  "dataset_info": {
    "total_classes": 17,
    "train_samples": 153,
    "val_samples": 51,
    "test_samples": 51
  },
  "model_improvements": [
    "Enhanced data augmentation pipeline",
    "Improved model architecture with BatchNorm",
    "Label smoothing for better generalization",
    "AdamW optimizer with weight decay",
    "Cosine annealing learning rate schedule",
    "Gradient clipping for training stability",
    "F1-score based model selection"
  ]
}